# epKey/clip_id	emotion — the 1324-clip set of vnser-train v7 (2026-09-27); ids only, no media/text
chay-tron-thanh-xuan/ep01_1/seg00000	anger
chay-tron-thanh-xuan/ep01_1/seg00001	anger
chay-tron-thanh-xuan/ep01_1/seg00002	neutral
chay-tron-thanh-xuan/ep01_1/seg00087	anger
chay-tron-thanh-xuan/ep01_1/seg00003	neutral
chay-tron-thanh-xuan/ep01_1/seg00006	anger
chay-tron-thanh-xuan/ep01_1/seg00008	anger
chay-tron-thanh-xuan/ep01_1/seg00086	joy
chay-tron-thanh-xuan/ep01_1/seg00009	anger
chay-tron-thanh-xuan/ep01_1/seg00010	anger
chay-tron-thanh-xuan/ep01_1/seg00011	fear_anxiety
chay-tron-thanh-xuan/ep01_1/seg00012	disgust
chay-tron-thanh-xuan/ep01_1/seg00013	disgust
chay-tron-thanh-xuan/ep01_1/seg00014	sadness
chay-tron-thanh-xuan/ep01_1/seg00015	anger
chay-tron-thanh-xuan/ep01_1/seg00016	anger
chay-tron-thanh-xuan/ep01_1/seg00089	neutral
chay-tron-thanh-xuan/ep01_1/seg00090	anger
chay-tron-thanh-xuan/ep01_1/seg00019	sadness
chay-tron-thanh-xuan/ep01_1/seg00020	sadness
chay-tron-thanh-xuan/ep01_1/seg00021	neutral
chay-tron-thanh-xuan/ep01_1/seg00022	anger
chay-tron-thanh-xuan/ep01_1/seg00024	anger
chay-tron-thanh-xuan/ep01_1/seg00025	sadness
chay-tron-thanh-xuan/ep01_1/seg00026	sadness
chay-tron-thanh-xuan/ep01_1/seg00027	sadness
chay-tron-thanh-xuan/ep01_1/seg00028	anger
chay-tron-thanh-xuan/ep01_1/seg00029	disgust
chay-tron-thanh-xuan/ep01_1/seg00030	anger
chay-tron-thanh-xuan/ep01_1/seg00031	sadness
chay-tron-thanh-xuan/ep01_1/seg00032	joy
chay-tron-thanh-xuan/ep01_1/seg00033	neutral
chay-tron-thanh-xuan/ep01_1/seg00034	neutral
chay-tron-thanh-xuan/ep01_1/seg00035	neutral
chay-tron-thanh-xuan/ep01_1/seg00037	neutral
chay-tron-thanh-xuan/ep01_1/seg00038	neutral
chay-tron-thanh-xuan/ep01_1/seg00039	neutral
chay-tron-thanh-xuan/ep01_1/seg00042	disgust
chay-tron-thanh-xuan/ep01_1/seg00043	anger
chay-tron-thanh-xuan/ep01_1/seg00044	disgust
chay-tron-thanh-xuan/ep01_1/seg00045	neutral
chay-tron-thanh-xuan/ep01_1/seg00046	joy
chay-tron-thanh-xuan/ep01_1/seg00047	joy
chay-tron-thanh-xuan/ep01_1/seg00048	neutral
chay-tron-thanh-xuan/ep01_1/seg00049	neutral
chay-tron-thanh-xuan/ep01_1/seg00050	neutral
chay-tron-thanh-xuan/ep01_1/seg00051	neutral
chay-tron-thanh-xuan/ep01_1/seg00091	surprise
chay-tron-thanh-xuan/ep01_1/seg00092	anger
chay-tron-thanh-xuan/ep01_1/seg00053	anger
chay-tron-thanh-xuan/ep01_1/seg00054	anger
chay-tron-thanh-xuan/ep01_1/seg00055	neutral
chay-tron-thanh-xuan/ep01_1/seg00056	disgust
chay-tron-thanh-xuan/ep01_1/seg00057	anger
chay-tron-thanh-xuan/ep01_1/seg00058	anger
chay-tron-thanh-xuan/ep01_1/seg00059	anger
chay-tron-thanh-xuan/ep01_1/seg00060	anger
chay-tron-thanh-xuan/ep01_1/seg00061	anger
chay-tron-thanh-xuan/ep01_1/seg00093	anger
chay-tron-thanh-xuan/ep01_1/seg00094	neutral
chay-tron-thanh-xuan/ep01_1/seg00063	neutral
chay-tron-thanh-xuan/ep01_1/seg00064	anger
chay-tron-thanh-xuan/ep01_1/seg00065	anger
chay-tron-thanh-xuan/ep01_1/seg00095	neutral
chay-tron-thanh-xuan/ep01_1/seg00096	neutral
chay-tron-thanh-xuan/ep01_1/seg00067	joy
chay-tron-thanh-xuan/ep01_1/seg00068	neutral
chay-tron-thanh-xuan/ep01_1/seg00069	neutral
chay-tron-thanh-xuan/ep01_1/seg00070	anger
chay-tron-thanh-xuan/ep01_1/seg00071	anger
chay-tron-thanh-xuan/ep01_1/seg00073	anger
chay-tron-thanh-xuan/ep01_1/seg00074	anger
chay-tron-thanh-xuan/ep01_1/seg00076	surprise
chay-tron-thanh-xuan/ep01_1/seg00077	surprise
chay-tron-thanh-xuan/ep01_1/seg00080	disgust
chay-tron-thanh-xuan/ep01_1/seg00081	anger
chay-tron-thanh-xuan/ep01_1/seg00082	anger
chay-tron-thanh-xuan/ep01_1/seg00083	surprise
chay-tron-thanh-xuan/ep01_2/seg00000	disgust
chay-tron-thanh-xuan/ep01_2/seg00001	disgust
chay-tron-thanh-xuan/ep01_2/seg00073	neutral
chay-tron-thanh-xuan/ep01_2/seg00074	neutral
chay-tron-thanh-xuan/ep01_2/seg00003	disgust
chay-tron-thanh-xuan/ep01_2/seg00004	disgust
chay-tron-thanh-xuan/ep01_2/seg00005	surprise
chay-tron-thanh-xuan/ep01_2/seg00006	joy
chay-tron-thanh-xuan/ep01_2/seg00008	joy
chay-tron-thanh-xuan/ep01_2/seg00009	joy
chay-tron-thanh-xuan/ep01_2/seg00010	joy
chay-tron-thanh-xuan/ep01_2/seg00011	joy
chay-tron-thanh-xuan/ep01_2/seg00012	neutral
chay-tron-thanh-xuan/ep01_2/seg00013	neutral
chay-tron-thanh-xuan/ep01_2/seg00014	disgust
chay-tron-thanh-xuan/ep01_2/seg00015	disgust
chay-tron-thanh-xuan/ep01_2/seg00016	anger
chay-tron-thanh-xuan/ep01_2/seg00017	sadness
chay-tron-thanh-xuan/ep01_2/seg00077	surprise
chay-tron-thanh-xuan/ep01_2/seg00019	joy
chay-tron-thanh-xuan/ep01_2/seg00020	joy
chay-tron-thanh-xuan/ep01_2/seg00021	joy
chay-tron-thanh-xuan/ep01_2/seg00022	disgust
chay-tron-thanh-xuan/ep01_2/seg00023	fear_anxiety
chay-tron-thanh-xuan/ep01_2/seg00025	joy
chay-tron-thanh-xuan/ep01_2/seg00026	joy
chay-tron-thanh-xuan/ep01_2/seg00027	joy
chay-tron-thanh-xuan/ep01_2/seg00028	joy
chay-tron-thanh-xuan/ep01_2/seg00029	joy
chay-tron-thanh-xuan/ep01_2/seg00030	disgust
chay-tron-thanh-xuan/ep01_2/seg00031	disgust
chay-tron-thanh-xuan/ep01_2/seg00032	neutral
chay-tron-thanh-xuan/ep01_2/seg00033	joy
chay-tron-thanh-xuan/ep01_2/seg00034	joy
chay-tron-thanh-xuan/ep01_2/seg00035	joy
chay-tron-thanh-xuan/ep01_2/seg00036	neutral
chay-tron-thanh-xuan/ep01_2/seg00037	joy
chay-tron-thanh-xuan/ep01_2/seg00039	disgust
chay-tron-thanh-xuan/ep01_2/seg00040	neutral
chay-tron-thanh-xuan/ep01_2/seg00042	neutral
chay-tron-thanh-xuan/ep01_2/seg00043	disgust
chay-tron-thanh-xuan/ep01_2/seg00044	disgust
chay-tron-thanh-xuan/ep01_2/seg00045	fear_anxiety
chay-tron-thanh-xuan/ep01_2/seg00046	disgust
chay-tron-thanh-xuan/ep01_2/seg00047	disgust
chay-tron-thanh-xuan/ep01_2/seg00048	disgust
chay-tron-thanh-xuan/ep01_2/seg00050	disgust
chay-tron-thanh-xuan/ep01_2/seg00051	joy
chay-tron-thanh-xuan/ep01_2/seg00053	anger
chay-tron-thanh-xuan/ep01_2/seg00054	anger
chay-tron-thanh-xuan/ep01_2/seg00055	disgust
chay-tron-thanh-xuan/ep01_2/seg00056	neutral
chay-tron-thanh-xuan/ep01_2/seg00057	neutral
chay-tron-thanh-xuan/ep01_2/seg00058	neutral
chay-tron-thanh-xuan/ep01_2/seg00059	anger
chay-tron-thanh-xuan/ep01_2/seg00060	sadness
chay-tron-thanh-xuan/ep01_2/seg00061	disgust
chay-tron-thanh-xuan/ep01_2/seg00062	disgust
chay-tron-thanh-xuan/ep01_2/seg00063	sadness
chay-tron-thanh-xuan/ep01_2/seg00064	sadness
chay-tron-thanh-xuan/ep01_2/seg00065	joy
chay-tron-thanh-xuan/ep01_2/seg00066	disgust
chay-tron-thanh-xuan/ep01_2/seg00067	joy
chay-tron-thanh-xuan/ep01_2/seg00068	joy
chay-tron-thanh-xuan/ep01_2/seg00069	anger
chay-tron-thanh-xuan/ep01_2/seg00070	neutral
chay-tron-thanh-xuan/ep01_3/seg00002	anger
chay-tron-thanh-xuan/ep01_3/seg00004	anger
ve-nha-di-con/ep02/seg00039	neutral
ve-nha-di-con/ep02/seg00040	neutral
ve-nha-di-con/ep02/seg00042	surprise
ve-nha-di-con/ep02/seg00044	anger
ve-nha-di-con/ep02/seg00045	joy
ve-nha-di-con/ep02/seg00046	neutral
ve-nha-di-con/ep02/seg00047	neutral
ve-nha-di-con/ep02/seg00048	surprise
ve-nha-di-con/ep02/seg00050	neutral
ve-nha-di-con/ep02/seg00167	fear_anxiety
ve-nha-di-con/ep02/seg00168	joy
ve-nha-di-con/ep02/seg00169	surprise
ve-nha-di-con/ep02/seg00170	joy
ve-nha-di-con/ep02/seg00054	neutral
ve-nha-di-con/ep02/seg00055	joy
ve-nha-di-con/ep02/seg00056	joy
ve-nha-di-con/ep02/seg00057	joy
ve-nha-di-con/ep02/seg00058	sadness
ve-nha-di-con/ep02/seg00059	neutral
ve-nha-di-con/ep02/seg00171	joy
ve-nha-di-con/ep02/seg00172	joy
ve-nha-di-con/ep02/seg00173	neutral
ve-nha-di-con/ep02/seg00061	neutral
ve-nha-di-con/ep02/seg00062	neutral
ve-nha-di-con/ep02/seg00063	joy
ve-nha-di-con/ep02/seg00064	fear_anxiety
ve-nha-di-con/ep02/seg00065	neutral
ve-nha-di-con/ep02/seg00066	joy
ve-nha-di-con/ep02/seg00067	joy
ve-nha-di-con/ep02/seg00068	joy
ve-nha-di-con/ep02/seg00069	sadness
ve-nha-di-con/ep02/seg00174	neutral
ve-nha-di-con/ep02/seg00175	joy
ve-nha-di-con/ep02/seg00072	anger
ve-nha-di-con/ep02/seg00071	neutral
ve-nha-di-con/ep02/seg00073	anger
ve-nha-di-con/ep02/seg00074	anger
ve-nha-di-con/ep02/seg00075	disgust
ve-nha-di-con/ep02/seg00078	fear_anxiety
ve-nha-di-con/ep02/seg00176	fear_anxiety
ve-nha-di-con/ep02/seg00177	neutral
ve-nha-di-con/ep02/seg00080	fear_anxiety
ve-nha-di-con/ep02/seg00081	joy
ve-nha-di-con/ep02/seg00082	surprise
ve-nha-di-con/ep02/seg00083	joy
ve-nha-di-con/ep02/seg00085	neutral
ve-nha-di-con/ep02/seg00086	disgust
ve-nha-di-con/ep02/seg00087	fear_anxiety
ve-nha-di-con/ep02/seg00088	neutral
ve-nha-di-con/ep02/seg00089	neutral
ve-nha-di-con/ep02/seg00090	anger
ve-nha-di-con/ep02/seg00091	joy
ve-nha-di-con/ep02/seg00092	neutral
ve-nha-di-con/ep02/seg00094	anger
ve-nha-di-con/ep02/seg00095	anger
ve-nha-di-con/ep02/seg00096	anger
ve-nha-di-con/ep02/seg00084	neutral
ve-nha-di-con/ep02/seg00098	anger
ve-nha-di-con/ep02/seg00099	fear_anxiety
ve-nha-di-con/ep02/seg00100	fear_anxiety
ve-nha-di-con/ep02/seg00101	neutral
ve-nha-di-con/ep02/seg00103	anger
ve-nha-di-con/ep02/seg00102	anger
ve-nha-di-con/ep02/seg00105	neutral
ve-nha-di-con/ep02/seg00107	sadness
ve-nha-di-con/ep02/seg00108	neutral
ve-nha-di-con/ep02/seg00109	anger
ve-nha-di-con/ep02/seg00110	joy
ve-nha-di-con/ep02/seg00111	joy
ve-nha-di-con/ep02/seg00116	neutral
ve-nha-di-con/ep02/seg00178	fear_anxiety
ve-nha-di-con/ep02/seg00179	disgust
ve-nha-di-con/ep03/seg00000	anger
ve-nha-di-con/ep03/seg00160	neutral
ve-nha-di-con/ep03/seg00161	neutral
ve-nha-di-con/ep03/seg00002	neutral
ve-nha-di-con/ep03/seg00004	neutral
ve-nha-di-con/ep03/seg00005	sadness
ve-nha-di-con/ep03/seg00006	neutral
ve-nha-di-con/ep03/seg00007	neutral
ve-nha-di-con/ep03/seg00009	fear_anxiety
ve-nha-di-con/ep03/seg00010	fear_anxiety
ve-nha-di-con/ep03/seg00012	neutral
ve-nha-di-con/ep03/seg00013	neutral
ve-nha-di-con/ep03/seg00014	neutral
ve-nha-di-con/ep03/seg00015	neutral
ve-nha-di-con/ep03/seg00017	neutral
ve-nha-di-con/ep03/seg00019	anger
ve-nha-di-con/ep03/seg00020	fear_anxiety
chay-tron-thanh-xuan/ep01_3/seg00066	anger
chay-tron-thanh-xuan/ep01_3/seg00067	anger
chay-tron-thanh-xuan/ep01_3/seg00068	anger
chay-tron-thanh-xuan/ep01_3/seg00008	sadness
chay-tron-thanh-xuan/ep01_3/seg00009	sadness
chay-tron-thanh-xuan/ep01_3/seg00011	joy
chay-tron-thanh-xuan/ep01_3/seg00012	neutral
chay-tron-thanh-xuan/ep01_3/seg00013	anger
chay-tron-thanh-xuan/ep01_3/seg00014	surprise
chay-tron-thanh-xuan/ep01_3/seg00015	neutral
chay-tron-thanh-xuan/ep01_3/seg00016	neutral
chay-tron-thanh-xuan/ep01_3/seg00017	joy
chay-tron-thanh-xuan/ep01_3/seg00069	surprise
chay-tron-thanh-xuan/ep01_3/seg00070	sadness
chay-tron-thanh-xuan/ep01_3/seg00071	neutral
chay-tron-thanh-xuan/ep01_3/seg00072	neutral
chay-tron-thanh-xuan/ep01_3/seg00073	disgust
chay-tron-thanh-xuan/ep01_3/seg00074	anger
chay-tron-thanh-xuan/ep01_3/seg00076	anger
chay-tron-thanh-xuan/ep01_3/seg00077	surprise
chay-tron-thanh-xuan/ep01_3/seg00022	anger
chay-tron-thanh-xuan/ep01_3/seg00023	anger
chay-tron-thanh-xuan/ep01_3/seg00025	anger
chay-tron-thanh-xuan/ep01_3/seg00026	anger
chay-tron-thanh-xuan/ep01_3/seg00027	anger
chay-tron-thanh-xuan/ep01_3/seg00029	anger
chay-tron-thanh-xuan/ep01_3/seg00030	disgust
chay-tron-thanh-xuan/ep01_3/seg00031	neutral
chay-tron-thanh-xuan/ep01_3/seg00032	neutral
chay-tron-thanh-xuan/ep01_3/seg00033	neutral
chay-tron-thanh-xuan/ep01_3/seg00034	neutral
chay-tron-thanh-xuan/ep01_3/seg00035	neutral
chay-tron-thanh-xuan/ep01_3/seg00036	neutral
chay-tron-thanh-xuan/ep01_3/seg00037	neutral
chay-tron-thanh-xuan/ep01_3/seg00039	neutral
chay-tron-thanh-xuan/ep01_3/seg00040	neutral
chay-tron-thanh-xuan/ep01_3/seg00041	joy
chay-tron-thanh-xuan/ep01_3/seg00043	neutral
chay-tron-thanh-xuan/ep01_3/seg00044	neutral
chay-tron-thanh-xuan/ep01_3/seg00045	neutral
chay-tron-thanh-xuan/ep01_3/seg00048	joy
chay-tron-thanh-xuan/ep01_3/seg00050	neutral
chay-tron-thanh-xuan/ep01_3/seg00051	neutral
chay-tron-thanh-xuan/ep01_3/seg00052	neutral
chay-tron-thanh-xuan/ep01_3/seg00053	neutral
chay-tron-thanh-xuan/ep01_3/seg00054	neutral
chay-tron-thanh-xuan/ep01_3/seg00055	neutral
chay-tron-thanh-xuan/ep01_3/seg00056	neutral
chay-tron-thanh-xuan/ep01_3/seg00058	neutral
chay-tron-thanh-xuan/ep01_3/seg00060	fear_anxiety
chay-tron-thanh-xuan/ep01_3/seg00061	sadness
chay-tron-thanh-xuan/ep01_3/seg00062	neutral
chay-tron-thanh-xuan/ep01_3/seg00063	neutral
chay-tron-thanh-xuan/ep01_3/seg00064	joy
chay-tron-thanh-xuan/ep01_3/seg00059	neutral
chay-tron-thanh-xuan/ep02_1/seg00003	neutral
chay-tron-thanh-xuan/ep02_1/seg00006	neutral
chay-tron-thanh-xuan/ep02_1/seg00008	joy
chay-tron-thanh-xuan/ep02_1/seg00075	surprise
chay-tron-thanh-xuan/ep02_1/seg00076	surprise
chay-tron-thanh-xuan/ep02_1/seg00014	joy
chay-tron-thanh-xuan/ep02_1/seg00007	neutral
chay-tron-thanh-xuan/ep02_1/seg00004	neutral
chay-tron-thanh-xuan/ep02_1/seg00015	fear_anxiety
chay-tron-thanh-xuan/ep02_1/seg00016	neutral
chay-tron-thanh-xuan/ep02_1/seg00017	neutral
chay-tron-thanh-xuan/ep02_1/seg00019	sadness
chay-tron-thanh-xuan/ep02_1/seg00022	anger
chay-tron-thanh-xuan/ep02_1/seg00028	anger
chay-tron-thanh-xuan/ep02_1/seg00077	anger
chay-tron-thanh-xuan/ep02_1/seg00078	anger
chay-tron-thanh-xuan/ep02_1/seg00033	neutral
chay-tron-thanh-xuan/ep02_1/seg00079	surprise
chay-tron-thanh-xuan/ep02_1/seg00080	joy
chay-tron-thanh-xuan/ep02_1/seg00036	disgust
chay-tron-thanh-xuan/ep02_1/seg00037	joy
chay-tron-thanh-xuan/ep02_1/seg00038	disgust
chay-tron-thanh-xuan/ep02_1/seg00039	disgust
chay-tron-thanh-xuan/ep02_1/seg00040	anger
chay-tron-thanh-xuan/ep02_1/seg00042	neutral
chay-tron-thanh-xuan/ep02_1/seg00044	fear_anxiety
chay-tron-thanh-xuan/ep02_1/seg00045	fear_anxiety
chay-tron-thanh-xuan/ep02_1/seg00047	disgust
chay-tron-thanh-xuan/ep02_1/seg00048	disgust
chay-tron-thanh-xuan/ep02_1/seg00049	fear_anxiety
chay-tron-thanh-xuan/ep02_1/seg00050	fear_anxiety
chay-tron-thanh-xuan/ep02_1/seg00051	fear_anxiety
chay-tron-thanh-xuan/ep02_1/seg00052	neutral
chay-tron-thanh-xuan/ep02_1/seg00053	joy
chay-tron-thanh-xuan/ep02_1/seg00054	joy
chay-tron-thanh-xuan/ep02_1/seg00055	joy
chay-tron-thanh-xuan/ep02_1/seg00057	joy
chay-tron-thanh-xuan/ep02_1/seg00058	joy
chay-tron-thanh-xuan/ep02_1/seg00059	anger
chay-tron-thanh-xuan/ep02_1/seg00060	sadness
chay-tron-thanh-xuan/ep02_1/seg00062	anger
chay-tron-thanh-xuan/ep02_1/seg00064	anger
chay-tron-thanh-xuan/ep02_1/seg00065	neutral
chay-tron-thanh-xuan/ep02_1/seg00069	anger
chay-tron-thanh-xuan/ep02_1/seg00070	disgust
chay-tron-thanh-xuan/ep02_1/seg00071	anger
chay-tron-thanh-xuan/ep02_1/seg00072	anger
chay-tron-thanh-xuan/ep02_1/seg00081	sadness
chay-tron-thanh-xuan/ep02_1/seg00082	anger
chay-tron-thanh-xuan/ep02_1/seg00074	anger
chay-tron-thanh-xuan/ep02_2/seg00001	fear_anxiety
chay-tron-thanh-xuan/ep02_2/seg00002	anger
chay-tron-thanh-xuan/ep02_2/seg00003	anger
chay-tron-thanh-xuan/ep02_2/seg00005	sadness
chay-tron-thanh-xuan/ep02_2/seg00094	sadness
chay-tron-thanh-xuan/ep02_2/seg00095	joy
chay-tron-thanh-xuan/ep02_2/seg00007	anger
chay-tron-thanh-xuan/ep02_2/seg00008	anger
chay-tron-thanh-xuan/ep02_2/seg00011	neutral
chay-tron-thanh-xuan/ep02_2/seg00012	fear_anxiety
chay-tron-thanh-xuan/ep02_2/seg00013	sadness
chay-tron-thanh-xuan/ep02_2/seg00014	neutral
chay-tron-thanh-xuan/ep02_2/seg00015	neutral
chay-tron-thanh-xuan/ep02_2/seg00016	neutral
chay-tron-thanh-xuan/ep02_2/seg00017	neutral
chay-tron-thanh-xuan/ep02_2/seg00018	joy
chay-tron-thanh-xuan/ep02_2/seg00019	joy
chay-tron-thanh-xuan/ep02_2/seg00020	joy
chay-tron-thanh-xuan/ep02_2/seg00021	joy
chay-tron-thanh-xuan/ep02_2/seg00022	surprise
chay-tron-thanh-xuan/ep02_2/seg00023	joy
chay-tron-thanh-xuan/ep02_2/seg00096	surprise
chay-tron-thanh-xuan/ep02_2/seg00097	disgust
chay-tron-thanh-xuan/ep02_2/seg00098	surprise
chay-tron-thanh-xuan/ep02_2/seg00099	neutral
chay-tron-thanh-xuan/ep02_2/seg00026	surprise
chay-tron-thanh-xuan/ep02_2/seg00027	disgust
chay-tron-thanh-xuan/ep02_2/seg00029	disgust
chay-tron-thanh-xuan/ep02_2/seg00100	anger
chay-tron-thanh-xuan/ep02_2/seg00101	neutral
chay-tron-thanh-xuan/ep02_2/seg00031	anger
chay-tron-thanh-xuan/ep02_2/seg00032	disgust
chay-tron-thanh-xuan/ep02_2/seg00033	neutral
chay-tron-thanh-xuan/ep02_2/seg00034	disgust
chay-tron-thanh-xuan/ep02_2/seg00037	surprise
chay-tron-thanh-xuan/ep02_2/seg00038	surprise
chay-tron-thanh-xuan/ep02_2/seg00039	joy
chay-tron-thanh-xuan/ep02_2/seg00041	surprise
chay-tron-thanh-xuan/ep02_2/seg00044	neutral
chay-tron-thanh-xuan/ep02_2/seg00047	disgust
ve-nha-di-con/ep03/seg00023	surprise
ve-nha-di-con/ep03/seg00024	fear_anxiety
chay-tron-thanh-xuan/ep02_2/seg00035	disgust
chay-tron-thanh-xuan/ep02_2/seg00048	neutral
chay-tron-thanh-xuan/ep02_2/seg00049	sadness
chay-tron-thanh-xuan/ep02_2/seg00050	neutral
chay-tron-thanh-xuan/ep02_2/seg00051	joy
chay-tron-thanh-xuan/ep02_2/seg00102	neutral
chay-tron-thanh-xuan/ep02_2/seg00103	neutral
chay-tron-thanh-xuan/ep02_2/seg00105	fear_anxiety
chay-tron-thanh-xuan/ep02_2/seg00106	joy
chay-tron-thanh-xuan/ep02_2/seg00108	joy
chay-tron-thanh-xuan/ep02_2/seg00109	joy
chay-tron-thanh-xuan/ep02_2/seg00110	joy
chay-tron-thanh-xuan/ep02_2/seg00056	joy
chay-tron-thanh-xuan/ep02_2/seg00057	sadness
chay-tron-thanh-xuan/ep02_2/seg00058	surprise
chay-tron-thanh-xuan/ep02_2/seg00059	joy
chay-tron-thanh-xuan/ep02_2/seg00060	joy
chay-tron-thanh-xuan/ep02_2/seg00111	neutral
chay-tron-thanh-xuan/ep02_2/seg00112	anger
chay-tron-thanh-xuan/ep02_2/seg00063	joy
chay-tron-thanh-xuan/ep02_2/seg00064	joy
chay-tron-thanh-xuan/ep02_2/seg00067	neutral
chay-tron-thanh-xuan/ep02_2/seg00068	neutral
chay-tron-thanh-xuan/ep02_2/seg00072	neutral
chay-tron-thanh-xuan/ep02_2/seg00113	neutral
chay-tron-thanh-xuan/ep02_2/seg00074	surprise
chay-tron-thanh-xuan/ep02_2/seg00076	disgust
chay-tron-thanh-xuan/ep02_2/seg00077	fear_anxiety
chay-tron-thanh-xuan/ep02_2/seg00078	neutral
chay-tron-thanh-xuan/ep02_2/seg00115	neutral
chay-tron-thanh-xuan/ep02_2/seg00116	neutral
chay-tron-thanh-xuan/ep02_2/seg00117	joy
chay-tron-thanh-xuan/ep02_2/seg00118	neutral
chay-tron-thanh-xuan/ep02_2/seg00083	surprise
chay-tron-thanh-xuan/ep02_2/seg00084	joy
chay-tron-thanh-xuan/ep02_2/seg00081	disgust
chay-tron-thanh-xuan/ep02_2/seg00085	surprise
chay-tron-thanh-xuan/ep02_2/seg00086	joy
chay-tron-thanh-xuan/ep02_2/seg00119	disgust
chay-tron-thanh-xuan/ep02_2/seg00120	surprise
chay-tron-thanh-xuan/ep02_2/seg00121	fear_anxiety
chay-tron-thanh-xuan/ep02_2/seg00122	anger
chay-tron-thanh-xuan/ep02_2/seg00091	disgust
chay-tron-thanh-xuan/ep02_2/seg00093	anger
chay-tron-thanh-xuan/ep02_3/seg00072	sadness
chay-tron-thanh-xuan/ep02_3/seg00001	neutral
chay-tron-thanh-xuan/ep02_3/seg00073	sadness
chay-tron-thanh-xuan/ep02_3/seg00002	joy
chay-tron-thanh-xuan/ep02_3/seg00004	neutral
chay-tron-thanh-xuan/ep02_3/seg00005	surprise
chay-tron-thanh-xuan/ep02_3/seg00075	joy
chay-tron-thanh-xuan/ep02_3/seg00007	neutral
chay-tron-thanh-xuan/ep02_3/seg00008	neutral
chay-tron-thanh-xuan/ep02_3/seg00009	fear_anxiety
chay-tron-thanh-xuan/ep02_3/seg00076	neutral
chay-tron-thanh-xuan/ep02_3/seg00077	neutral
chay-tron-thanh-xuan/ep02_3/seg00010	disgust
chay-tron-thanh-xuan/ep02_3/seg00078	fear_anxiety
chay-tron-thanh-xuan/ep02_3/seg00079	sadness
chay-tron-thanh-xuan/ep02_3/seg00080	neutral
chay-tron-thanh-xuan/ep02_3/seg00081	joy
chay-tron-thanh-xuan/ep02_3/seg00012	neutral
chay-tron-thanh-xuan/ep02_3/seg00082	neutral
chay-tron-thanh-xuan/ep02_3/seg00013	joy
chay-tron-thanh-xuan/ep02_3/seg00083	sadness
chay-tron-thanh-xuan/ep02_3/seg00084	joy
chay-tron-thanh-xuan/ep02_3/seg00015	joy
chay-tron-thanh-xuan/ep02_3/seg00085	neutral
chay-tron-thanh-xuan/ep02_3/seg00086	joy
chay-tron-thanh-xuan/ep02_3/seg00018	neutral
chay-tron-thanh-xuan/ep02_3/seg00019	joy
chay-tron-thanh-xuan/ep02_3/seg00087	neutral
chay-tron-thanh-xuan/ep02_3/seg00021	joy
chay-tron-thanh-xuan/ep02_3/seg00088	surprise
chay-tron-thanh-xuan/ep02_3/seg00089	anger
chay-tron-thanh-xuan/ep02_3/seg00027	anger
chay-tron-thanh-xuan/ep02_3/seg00028	sadness
chay-tron-thanh-xuan/ep02_3/seg00090	anger
chay-tron-thanh-xuan/ep02_3/seg00091	anger
chay-tron-thanh-xuan/ep02_3/seg00029	sadness
chay-tron-thanh-xuan/ep02_3/seg00030	neutral
chay-tron-thanh-xuan/ep02_3/seg00031	joy
chay-tron-thanh-xuan/ep02_3/seg00032	neutral
chay-tron-thanh-xuan/ep02_3/seg00092	neutral
chay-tron-thanh-xuan/ep02_3/seg00036	anger
chay-tron-thanh-xuan/ep02_3/seg00037	neutral
chay-tron-thanh-xuan/ep02_3/seg00093	sadness
chay-tron-thanh-xuan/ep02_3/seg00040	neutral
chay-tron-thanh-xuan/ep02_3/seg00094	joy
chay-tron-thanh-xuan/ep02_3/seg00042	neutral
chay-tron-thanh-xuan/ep02_3/seg00043	neutral
chay-tron-thanh-xuan/ep02_3/seg00044	joy
chay-tron-thanh-xuan/ep02_3/seg00046	joy
chay-tron-thanh-xuan/ep02_3/seg00047	neutral
chay-tron-thanh-xuan/ep02_3/seg00095	neutral
chay-tron-thanh-xuan/ep02_3/seg00049	joy
chay-tron-thanh-xuan/ep02_3/seg00096	joy
chay-tron-thanh-xuan/ep02_3/seg00097	joy
chay-tron-thanh-xuan/ep02_3/seg00052	neutral
chay-tron-thanh-xuan/ep02_3/seg00054	neutral
chay-tron-thanh-xuan/ep02_3/seg00058	joy
chay-tron-thanh-xuan/ep02_3/seg00059	joy
chay-tron-thanh-xuan/ep02_3/seg00060	joy
chay-tron-thanh-xuan/ep02_3/seg00098	fear_anxiety
chay-tron-thanh-xuan/ep02_3/seg00099	anger
chay-tron-thanh-xuan/ep02_3/seg00063	anger
chay-tron-thanh-xuan/ep02_3/seg00064	anger
chay-tron-thanh-xuan/ep02_3/seg00066	anger
chay-tron-thanh-xuan/ep02_3/seg00067	fear_anxiety
chay-tron-thanh-xuan/ep02_3/seg00068	fear_anxiety
chay-tron-thanh-xuan/ep02_3/seg00069	anger
chay-tron-thanh-xuan/ep02_3/seg00070	anger
chay-tron-thanh-xuan/ep02_3/seg00071	anger
chay-tron-thanh-xuan/ep03_1/seg00006	joy
chay-tron-thanh-xuan/ep03_1/seg00007	joy
chay-tron-thanh-xuan/ep03_1/seg00008	joy
chay-tron-thanh-xuan/ep03_1/seg00009	neutral
chay-tron-thanh-xuan/ep03_1/seg00010	neutral
chay-tron-thanh-xuan/ep03_1/seg00011	joy
chay-tron-thanh-xuan/ep03_1/seg00014	joy
chay-tron-thanh-xuan/ep03_1/seg00015	joy
chay-tron-thanh-xuan/ep03_1/seg00016	neutral
chay-tron-thanh-xuan/ep03_1/seg00017	joy
chay-tron-thanh-xuan/ep03_1/seg00018	joy
chay-tron-thanh-xuan/ep03_1/seg00019	sadness
chay-tron-thanh-xuan/ep03_1/seg00021	neutral
chay-tron-thanh-xuan/ep03_1/seg00022	neutral
chay-tron-thanh-xuan/ep03_1/seg00024	neutral
chay-tron-thanh-xuan/ep03_1/seg00026	joy
chay-tron-thanh-xuan/ep03_1/seg00027	neutral
chay-tron-thanh-xuan/ep03_1/seg00131	joy
chay-tron-thanh-xuan/ep03_1/seg00029	neutral
chay-tron-thanh-xuan/ep03_1/seg00030	neutral
chay-tron-thanh-xuan/ep03_1/seg00031	neutral
chay-tron-thanh-xuan/ep03_1/seg00032	surprise
chay-tron-thanh-xuan/ep03_1/seg00034	sadness
chay-tron-thanh-xuan/ep03_1/seg00035	neutral
chay-tron-thanh-xuan/ep03_1/seg00036	joy
chay-tron-thanh-xuan/ep03_1/seg00037	neutral
chay-tron-thanh-xuan/ep03_1/seg00038	joy
chay-tron-thanh-xuan/ep03_1/seg00039	anger
chay-tron-thanh-xuan/ep03_1/seg00040	sadness
chay-tron-thanh-xuan/ep03_1/seg00132	sadness
chay-tron-thanh-xuan/ep03_1/seg00133	fear_anxiety
chay-tron-thanh-xuan/ep03_1/seg00043	joy
chay-tron-thanh-xuan/ep03_1/seg00044	joy
chay-tron-thanh-xuan/ep03_1/seg00045	anger
chay-tron-thanh-xuan/ep03_1/seg00046	anger
chay-tron-thanh-xuan/ep03_1/seg00134	disgust
chay-tron-thanh-xuan/ep03_1/seg00135	disgust
chay-tron-thanh-xuan/ep03_1/seg00048	anger
chay-tron-thanh-xuan/ep03_1/seg00049	anger
chay-tron-thanh-xuan/ep03_1/seg00136	anger
chay-tron-thanh-xuan/ep03_1/seg00137	sadness
chay-tron-thanh-xuan/ep03_1/seg00051	anger
chay-tron-thanh-xuan/ep03_1/seg00052	fear_anxiety
chay-tron-thanh-xuan/ep03_1/seg00053	sadness
chay-tron-thanh-xuan/ep03_1/seg00054	anger
chay-tron-thanh-xuan/ep03_1/seg00057	sadness
chay-tron-thanh-xuan/ep03_1/seg00060	joy
chay-tron-thanh-xuan/ep03_1/seg00061	surprise
chay-tron-thanh-xuan/ep03_1/seg00062	fear_anxiety
chay-tron-thanh-xuan/ep03_1/seg00063	joy
chay-tron-thanh-xuan/ep03_1/seg00064	joy
chay-tron-thanh-xuan/ep03_1/seg00066	sadness
chay-tron-thanh-xuan/ep03_1/seg00067	joy
chay-tron-thanh-xuan/ep03_1/seg00070	sadness
chay-tron-thanh-xuan/ep03_1/seg00071	neutral
chay-tron-thanh-xuan/ep03_1/seg00072	anger
chay-tron-thanh-xuan/ep03_1/seg00073	neutral
chay-tron-thanh-xuan/ep03_1/seg00074	joy
chay-tron-thanh-xuan/ep03_1/seg00075	anger
chay-tron-thanh-xuan/ep03_1/seg00077	joy
chay-tron-thanh-xuan/ep03_1/seg00078	joy
chay-tron-thanh-xuan/ep03_1/seg00079	neutral
chay-tron-thanh-xuan/ep03_1/seg00081	joy
chay-tron-thanh-xuan/ep03_1/seg00086	neutral
chay-tron-thanh-xuan/ep03_1/seg00087	anger
chay-tron-thanh-xuan/ep03_1/seg00089	surprise
chay-tron-thanh-xuan/ep03_1/seg00091	fear_anxiety
chay-tron-thanh-xuan/ep03_1/seg00096	sadness
chay-tron-thanh-xuan/ep03_1/seg00097	anger
chay-tron-thanh-xuan/ep03_1/seg00099	fear_anxiety
chay-tron-thanh-xuan/ep03_1/seg00100	anger
chay-tron-thanh-xuan/ep03_1/seg00101	anger
chay-tron-thanh-xuan/ep03_1/seg00102	fear_anxiety
chay-tron-thanh-xuan/ep03_1/seg00103	fear_anxiety
chay-tron-thanh-xuan/ep03_1/seg00104	anger
chay-tron-thanh-xuan/ep03_1/seg00105	anger
chay-tron-thanh-xuan/ep03_1/seg00107	anger
chay-tron-thanh-xuan/ep03_1/seg00108	fear_anxiety
chay-tron-thanh-xuan/ep03_1/seg00110	neutral
chay-tron-thanh-xuan/ep03_1/seg00111	fear_anxiety
chay-tron-thanh-xuan/ep03_1/seg00116	fear_anxiety
chay-tron-thanh-xuan/ep03_1/seg00117	neutral
ve-nha-di-con/ep01/seg00000	neutral
ve-nha-di-con/ep01/seg00001	neutral
ve-nha-di-con/ep01/seg00002	surprise
ve-nha-di-con/ep01/seg00003	neutral
ve-nha-di-con/ep01/seg00004	neutral
ve-nha-di-con/ep01/seg00005	neutral
ve-nha-di-con/ep01/seg00008	joy
ve-nha-di-con/ep01/seg00009	neutral
ve-nha-di-con/ep01/seg00011	neutral
ve-nha-di-con/ep01/seg00014	neutral
ve-nha-di-con/ep01/seg00015	anger
ve-nha-di-con/ep01/seg00016	fear_anxiety
ve-nha-di-con/ep01/seg00017	surprise
ve-nha-di-con/ep01/seg00018	joy
ve-nha-di-con/ep01/seg00019	joy
ve-nha-di-con/ep01/seg00020	neutral
ve-nha-di-con/ep01/seg00021	neutral
ve-nha-di-con/ep01/seg00022	joy
ve-nha-di-con/ep01/seg00023	joy
ve-nha-di-con/ep01/seg00024	anger
ve-nha-di-con/ep01/seg00027	joy
ve-nha-di-con/ep01/seg00030	fear_anxiety
ve-nha-di-con/ep01/seg00031	anger
ve-nha-di-con/ep01/seg00032	anger
ve-nha-di-con/ep01/seg00034	anger
ve-nha-di-con/ep01/seg00035	anger
ve-nha-di-con/ep01/seg00036	neutral
ve-nha-di-con/ep01/seg00037	anger
ve-nha-di-con/ep01/seg00038	anger
ve-nha-di-con/ep01/seg00039	sadness
ve-nha-di-con/ep01/seg00040	anger
ve-nha-di-con/ep01/seg00041	anger
ve-nha-di-con/ep01/seg00042	anger
ve-nha-di-con/ep01/seg00043	anger
ve-nha-di-con/ep01/seg00044	disgust
ve-nha-di-con/ep01/seg00045	neutral
ve-nha-di-con/ep01/seg00046	neutral
ve-nha-di-con/ep01/seg00047	anger
ve-nha-di-con/ep01/seg00049	fear_anxiety
ve-nha-di-con/ep01/seg00050	sadness
ve-nha-di-con/ep01/seg00051	neutral
ve-nha-di-con/ep01/seg00053	neutral
ve-nha-di-con/ep01/seg00055	fear_anxiety
ve-nha-di-con/ep01/seg00056	fear_anxiety
ve-nha-di-con/ep01/seg00057	fear_anxiety
ve-nha-di-con/ep01/seg00058	neutral
ve-nha-di-con/ep01/seg00059	fear_anxiety
ve-nha-di-con/ep01/seg00060	fear_anxiety
ve-nha-di-con/ep01/seg00062	surprise
ve-nha-di-con/ep01/seg00064	fear_anxiety
ve-nha-di-con/ep01/seg00065	sadness
ve-nha-di-con/ep01/seg00066	fear_anxiety
ve-nha-di-con/ep01/seg00067	anger
ve-nha-di-con/ep01/seg00068	anger
ve-nha-di-con/ep01/seg00069	fear_anxiety
ve-nha-di-con/ep01/seg00070	anger
ve-nha-di-con/ep01/seg00071	sadness
ve-nha-di-con/ep01/seg00072	anger
ve-nha-di-con/ep01/seg00073	sadness
ve-nha-di-con/ep01/seg00074	anger
ve-nha-di-con/ep01/seg00075	sadness
ve-nha-di-con/ep01/seg00076	neutral
ve-nha-di-con/ep01/seg00077	neutral
ve-nha-di-con/ep01/seg00078	sadness
ve-nha-di-con/ep01/seg00079	neutral
ve-nha-di-con/ep01/seg00080	neutral
ve-nha-di-con/ep01/seg00081	joy
ve-nha-di-con/ep01/seg00082	joy
ve-nha-di-con/ep01/seg00083	joy
ve-nha-di-con/ep01/seg00084	neutral
ve-nha-di-con/ep01/seg00085	sadness
ve-nha-di-con/ep01/seg00086	sadness
ve-nha-di-con/ep01/seg00087	fear_anxiety
ve-nha-di-con/ep01/seg00088	fear_anxiety
ve-nha-di-con/ep01/seg00089	fear_anxiety
ve-nha-di-con/ep01/seg00091	neutral
ve-nha-di-con/ep01/seg00092	neutral
ve-nha-di-con/ep01/seg00093	fear_anxiety
ve-nha-di-con/ep01/seg00094	fear_anxiety
ve-nha-di-con/ep01/seg00095	joy
ve-nha-di-con/ep01/seg00096	fear_anxiety
ve-nha-di-con/ep01/seg00097	sadness
ve-nha-di-con/ep01/seg00098	neutral
ve-nha-di-con/ep01/seg00099	fear_anxiety
ve-nha-di-con/ep01/seg00100	anger
ve-nha-di-con/ep01/seg00101	anger
ve-nha-di-con/ep01/seg00102	anger
ve-nha-di-con/ep01/seg00104	fear_anxiety
ve-nha-di-con/ep01/seg00105	fear_anxiety
ve-nha-di-con/ep01/seg00106	anger
ve-nha-di-con/ep01/seg00107	anger
ve-nha-di-con/ep01/seg00108	fear_anxiety
ve-nha-di-con/ep01/seg00110	joy
ve-nha-di-con/ep01/seg00111	neutral
ve-nha-di-con/ep01/seg00112	surprise
ve-nha-di-con/ep01/seg00113	fear_anxiety
ve-nha-di-con/ep01/seg00114	neutral
ve-nha-di-con/ep01/seg00115	sadness
ve-nha-di-con/ep01/seg00116	disgust
ve-nha-di-con/ep01/seg00121	disgust
ve-nha-di-con/ep01/seg00123	joy
ve-nha-di-con/ep01/seg00129	disgust
ve-nha-di-con/ep01/seg00130	disgust
ve-nha-di-con/ep01/seg00131	neutral
ve-nha-di-con/ep01/seg00132	sadness
ve-nha-di-con/ep01/seg00135	anger
ve-nha-di-con/ep01/seg00136	joy
ve-nha-di-con/ep01/seg00137	sadness
ve-nha-di-con/ep01/seg00138	sadness
ve-nha-di-con/ep01/seg00139	sadness
ve-nha-di-con/ep01/seg00140	anger
ve-nha-di-con/ep01/seg00141	joy
ve-nha-di-con/ep01/seg00142	neutral
ve-nha-di-con/ep01/seg00143	joy
ve-nha-di-con/ep01/seg00144	joy
ve-nha-di-con/ep01/seg00146	neutral
ve-nha-di-con/ep01/seg00147	neutral
ve-nha-di-con/ep01/seg00148	joy
ve-nha-di-con/ep01/seg00149	joy
ve-nha-di-con/ep01/seg00150	sadness
ve-nha-di-con/ep01/seg00151	neutral
ve-nha-di-con/ep01/seg00152	joy
ve-nha-di-con/ep01/seg00154	anger
ve-nha-di-con/ep01/seg00155	fear_anxiety
ve-nha-di-con/ep01/seg00156	fear_anxiety
ve-nha-di-con/ep01/seg00157	anger
ve-nha-di-con/ep01/seg00158	anger
ve-nha-di-con/ep01/seg00159	anger
ve-nha-di-con/ep01/seg00160	fear_anxiety
ve-nha-di-con/ep01/seg00162	anger
ve-nha-di-con/ep01/seg00165	fear_anxiety
ve-nha-di-con/ep01/seg00169	anger
ve-nha-di-con/ep01/seg00170	sadness
ve-nha-di-con/ep01/seg00171	fear_anxiety
ve-nha-di-con/ep01/seg00172	sadness
ve-nha-di-con/ep01/seg00173	sadness
ve-nha-di-con/ep01/seg00174	sadness
ve-nha-di-con/ep01/seg00175	anger
ve-nha-di-con/ep01/seg00176	fear_anxiety
ve-nha-di-con/ep01/seg00179	anger
ve-nha-di-con/ep01/seg00181	joy
ve-nha-di-con/ep01/seg00182	joy
ve-nha-di-con/ep01/seg00183	neutral
ve-nha-di-con/ep01/seg00185	joy
ve-nha-di-con/ep01/seg00186	disgust
ve-nha-di-con/ep01/seg00187	anger
ve-nha-di-con/ep01/seg00188	anger
ve-nha-di-con/ep01/seg00189	joy
ve-nha-di-con/ep01/seg00190	joy
ve-nha-di-con/ep01/seg00191	fear_anxiety
ve-nha-di-con/ep01/seg00192	surprise
ve-nha-di-con/ep01/seg00193	sadness
ve-nha-di-con/ep01/seg00194	neutral
ve-nha-di-con/ep01/seg00195	sadness
ve-nha-di-con/ep01/seg00196	fear_anxiety
ve-nha-di-con/ep01/seg00197	neutral
ve-nha-di-con/ep01/seg00198	disgust
ve-nha-di-con/ep01/seg00199	anger
ve-nha-di-con/ep01/seg00201	joy
ve-nha-di-con/ep01/seg00202	sadness
ve-nha-di-con/ep01/seg00203	disgust
ve-nha-di-con/ep01/seg00204	fear_anxiety
ve-nha-di-con/ep01/seg00205	disgust
ve-nha-di-con/ep01/seg00207	joy
ve-nha-di-con/ep01/seg00209	joy
ve-nha-di-con/ep01/seg00210	fear_anxiety
ve-nha-di-con/ep01/seg00211	anger
ve-nha-di-con/ep01/seg00212	anger
ve-nha-di-con/ep01/seg00213	fear_anxiety
ve-nha-di-con/ep01/seg00214	anger
ve-nha-di-con/ep02/seg00037	disgust
ve-nha-di-con/ep02/seg00038	disgust
ve-nha-di-con/ep03/seg00008	anger
chay-tron-thanh-xuan/ep03_1/seg00118	neutral
chay-tron-thanh-xuan/ep03_1/seg00120	fear_anxiety
chay-tron-thanh-xuan/ep03_1/seg00121	neutral
chay-tron-thanh-xuan/ep03_1/seg00122	neutral
chay-tron-thanh-xuan/ep03_1/seg00123	sadness
chay-tron-thanh-xuan/ep03_1/seg00124	neutral
chay-tron-thanh-xuan/ep03_1/seg00125	neutral
chay-tron-thanh-xuan/ep03_1/seg00126	sadness
chay-tron-thanh-xuan/ep03_1/seg00128	anger
chay-tron-thanh-xuan/ep03_1/seg00129	anger
chay-tron-thanh-xuan/ep03_2/seg00000	neutral
chay-tron-thanh-xuan/ep03_2/seg00001	neutral
chay-tron-thanh-xuan/ep03_2/seg00003	sadness
chay-tron-thanh-xuan/ep03_2/seg00104	joy
chay-tron-thanh-xuan/ep03_2/seg00006	neutral
chay-tron-thanh-xuan/ep03_2/seg00037	fear_anxiety
chay-tron-thanh-xuan/ep03_2/seg00038	sadness
chay-tron-thanh-xuan/ep03_2/seg00002	neutral
chay-tron-thanh-xuan/ep03_2/seg00007	disgust
chay-tron-thanh-xuan/ep03_2/seg00008	neutral
chay-tron-thanh-xuan/ep03_2/seg00009	fear_anxiety
chay-tron-thanh-xuan/ep03_2/seg00011	joy
chay-tron-thanh-xuan/ep03_2/seg00012	disgust
chay-tron-thanh-xuan/ep03_2/seg00013	disgust
chay-tron-thanh-xuan/ep03_2/seg00105	joy
chay-tron-thanh-xuan/ep03_2/seg00016	joy
chay-tron-thanh-xuan/ep03_2/seg00106	neutral
chay-tron-thanh-xuan/ep03_2/seg00019	neutral
chay-tron-thanh-xuan/ep03_2/seg00020	neutral
chay-tron-thanh-xuan/ep03_2/seg00021	sadness
chay-tron-thanh-xuan/ep03_2/seg00022	neutral
chay-tron-thanh-xuan/ep03_2/seg00023	joy
chay-tron-thanh-xuan/ep03_2/seg00107	neutral
chay-tron-thanh-xuan/ep03_2/seg00108	fear_anxiety
chay-tron-thanh-xuan/ep03_2/seg00109	fear_anxiety
chay-tron-thanh-xuan/ep03_2/seg00026	neutral
chay-tron-thanh-xuan/ep03_2/seg00110	anger
chay-tron-thanh-xuan/ep03_2/seg00033	neutral
chay-tron-thanh-xuan/ep03_2/seg00031	neutral
chay-tron-thanh-xuan/ep03_2/seg00041	anger
chay-tron-thanh-xuan/ep03_2/seg00044	neutral
chay-tron-thanh-xuan/ep03_2/seg00111	neutral
chay-tron-thanh-xuan/ep03_2/seg00112	neutral
chay-tron-thanh-xuan/ep03_2/seg00048	neutral
chay-tron-thanh-xuan/ep03_2/seg00113	neutral
chay-tron-thanh-xuan/ep03_2/seg00052	surprise
chay-tron-thanh-xuan/ep03_2/seg00053	sadness
chay-tron-thanh-xuan/ep03_2/seg00054	surprise
chay-tron-thanh-xuan/ep03_2/seg00055	neutral
chay-tron-thanh-xuan/ep03_2/seg00056	sadness
chay-tron-thanh-xuan/ep03_2/seg00057	neutral
chay-tron-thanh-xuan/ep03_2/seg00058	neutral
chay-tron-thanh-xuan/ep03_2/seg00059	anger
chay-tron-thanh-xuan/ep03_2/seg00060	sadness
chay-tron-thanh-xuan/ep03_2/seg00061	neutral
chay-tron-thanh-xuan/ep03_2/seg00114	sadness
chay-tron-thanh-xuan/ep03_2/seg00115	neutral
chay-tron-thanh-xuan/ep03_2/seg00116	surprise
chay-tron-thanh-xuan/ep03_2/seg00062	surprise
chay-tron-thanh-xuan/ep03_2/seg00063	neutral
chay-tron-thanh-xuan/ep03_2/seg00117	neutral
chay-tron-thanh-xuan/ep03_2/seg00066	surprise
chay-tron-thanh-xuan/ep03_2/seg00068	disgust
chay-tron-thanh-xuan/ep03_2/seg00069	fear_anxiety
chay-tron-thanh-xuan/ep03_2/seg00119	disgust
chay-tron-thanh-xuan/ep03_2/seg00120	neutral
chay-tron-thanh-xuan/ep03_2/seg00071	neutral
chay-tron-thanh-xuan/ep03_2/seg00073	sadness
chay-tron-thanh-xuan/ep03_2/seg00074	joy
chay-tron-thanh-xuan/ep03_2/seg00076	neutral
chay-tron-thanh-xuan/ep03_2/seg00075	neutral
chay-tron-thanh-xuan/ep03_2/seg00077	joy
chay-tron-thanh-xuan/ep03_2/seg00121	sadness
chay-tron-thanh-xuan/ep03_2/seg00078	neutral
chay-tron-thanh-xuan/ep03_2/seg00079	neutral
chay-tron-thanh-xuan/ep03_2/seg00080	neutral
chay-tron-thanh-xuan/ep03_2/seg00122	disgust
chay-tron-thanh-xuan/ep03_2/seg00083	joy
chay-tron-thanh-xuan/ep03_2/seg00084	neutral
chay-tron-thanh-xuan/ep03_2/seg00123	fear_anxiety
chay-tron-thanh-xuan/ep03_2/seg00124	neutral
chay-tron-thanh-xuan/ep03_2/seg00089	sadness
chay-tron-thanh-xuan/ep03_2/seg00090	surprise
chay-tron-thanh-xuan/ep03_2/seg00091	neutral
chay-tron-thanh-xuan/ep03_2/seg00092	neutral
chay-tron-thanh-xuan/ep03_2/seg00095	surprise
chay-tron-thanh-xuan/ep03_2/seg00125	joy
chay-tron-thanh-xuan/ep03_2/seg00098	anger
chay-tron-thanh-xuan/ep03_2/seg00126	disgust
chay-tron-thanh-xuan/ep03_2/seg00099	anger
chay-tron-thanh-xuan/ep03_2/seg00127	disgust
chay-tron-thanh-xuan/ep03_2/seg00100	anger
chay-tron-thanh-xuan/ep03_2/seg00128	neutral
chay-tron-thanh-xuan/ep03_2/seg00129	neutral
chay-tron-thanh-xuan/ep04_1/seg00118	surprise
chay-tron-thanh-xuan/ep04_1/seg00119	sadness
chay-tron-thanh-xuan/ep04_1/seg00120	neutral
chay-tron-thanh-xuan/ep04_1/seg00002	neutral
chay-tron-thanh-xuan/ep04_1/seg00003	neutral
chay-tron-thanh-xuan/ep04_1/seg00121	neutral
chay-tron-thanh-xuan/ep04_1/seg00004	neutral
chay-tron-thanh-xuan/ep04_1/seg00122	joy
chay-tron-thanh-xuan/ep04_1/seg00123	joy
chay-tron-thanh-xuan/ep04_1/seg00006	surprise
chay-tron-thanh-xuan/ep04_1/seg00007	neutral
chay-tron-thanh-xuan/ep04_1/seg00008	neutral
chay-tron-thanh-xuan/ep04_1/seg00124	neutral
chay-tron-thanh-xuan/ep04_1/seg00125	surprise
chay-tron-thanh-xuan/ep04_1/seg00126	neutral
chay-tron-thanh-xuan/ep04_1/seg00011	neutral
chay-tron-thanh-xuan/ep04_1/seg00012	disgust
chay-tron-thanh-xuan/ep04_1/seg00013	neutral
chay-tron-thanh-xuan/ep04_1/seg00014	anger
chay-tron-thanh-xuan/ep04_1/seg00015	joy
chay-tron-thanh-xuan/ep04_1/seg00016	disgust
chay-tron-thanh-xuan/ep04_1/seg00127	neutral
chay-tron-thanh-xuan/ep04_1/seg00128	surprise
chay-tron-thanh-xuan/ep04_1/seg00129	neutral
chay-tron-thanh-xuan/ep04_1/seg00130	fear_anxiety
chay-tron-thanh-xuan/ep04_1/seg00020	surprise
chay-tron-thanh-xuan/ep04_1/seg00021	joy
chay-tron-thanh-xuan/ep04_1/seg00023	fear_anxiety
chay-tron-thanh-xuan/ep04_1/seg00131	joy
chay-tron-thanh-xuan/ep04_1/seg00026	surprise
chay-tron-thanh-xuan/ep04_1/seg00028	surprise
chay-tron-thanh-xuan/ep04_1/seg00029	joy
chay-tron-thanh-xuan/ep04_1/seg00030	joy
chay-tron-thanh-xuan/ep04_1/seg00031	neutral
chay-tron-thanh-xuan/ep04_1/seg00032	neutral
chay-tron-thanh-xuan/ep04_1/seg00033	neutral
chay-tron-thanh-xuan/ep04_1/seg00034	disgust
chay-tron-thanh-xuan/ep04_1/seg00035	joy
chay-tron-thanh-xuan/ep04_1/seg00036	sadness
chay-tron-thanh-xuan/ep04_1/seg00037	fear_anxiety
chay-tron-thanh-xuan/ep04_1/seg00038	anger
chay-tron-thanh-xuan/ep04_1/seg00040	anger
chay-tron-thanh-xuan/ep04_1/seg00041	anger
chay-tron-thanh-xuan/ep04_1/seg00042	anger
chay-tron-thanh-xuan/ep04_1/seg00043	neutral
chay-tron-thanh-xuan/ep04_1/seg00044	sadness
chay-tron-thanh-xuan/ep04_1/seg00046	disgust
chay-tron-thanh-xuan/ep04_1/seg00047	sadness
chay-tron-thanh-xuan/ep04_1/seg00048	neutral
chay-tron-thanh-xuan/ep04_1/seg00132	sadness
chay-tron-thanh-xuan/ep04_1/seg00057	fear_anxiety
chay-tron-thanh-xuan/ep04_1/seg00050	fear_anxiety
chay-tron-thanh-xuan/ep04_1/seg00051	neutral
chay-tron-thanh-xuan/ep04_1/seg00133	disgust
chay-tron-thanh-xuan/ep04_1/seg00134	disgust
chay-tron-thanh-xuan/ep04_1/seg00061	neutral
chay-tron-thanh-xuan/ep04_1/seg00063	surprise
chay-tron-thanh-xuan/ep04_1/seg00066	disgust
chay-tron-thanh-xuan/ep04_1/seg00135	disgust
chay-tron-thanh-xuan/ep04_1/seg00067	neutral
chay-tron-thanh-xuan/ep04_1/seg00069	disgust
chay-tron-thanh-xuan/ep04_1/seg00071	joy
chay-tron-thanh-xuan/ep04_1/seg00072	anger
chay-tron-thanh-xuan/ep04_1/seg00073	neutral
chay-tron-thanh-xuan/ep04_1/seg00136	fear_anxiety
chay-tron-thanh-xuan/ep04_1/seg00077	anger
chay-tron-thanh-xuan/ep04_1/seg00078	joy
chay-tron-thanh-xuan/ep04_1/seg00079	neutral
chay-tron-thanh-xuan/ep04_1/seg00080	disgust
chay-tron-thanh-xuan/ep04_1/seg00081	disgust
chay-tron-thanh-xuan/ep04_1/seg00082	sadness
chay-tron-thanh-xuan/ep04_1/seg00083	anger
chay-tron-thanh-xuan/ep04_1/seg00137	surprise
chay-tron-thanh-xuan/ep04_1/seg00086	sadness
chay-tron-thanh-xuan/ep04_1/seg00088	sadness
chay-tron-thanh-xuan/ep04_1/seg00089	anger
chay-tron-thanh-xuan/ep04_1/seg00090	anger
chay-tron-thanh-xuan/ep04_1/seg00091	sadness
chay-tron-thanh-xuan/ep04_1/seg00092	anger
chay-tron-thanh-xuan/ep04_1/seg00094	neutral
chay-tron-thanh-xuan/ep04_1/seg00095	neutral
chay-tron-thanh-xuan/ep04_1/seg00096	joy
chay-tron-thanh-xuan/ep04_1/seg00097	joy
chay-tron-thanh-xuan/ep04_1/seg00098	disgust
chay-tron-thanh-xuan/ep04_1/seg00099	anger
chay-tron-thanh-xuan/ep04_1/seg00100	neutral
chay-tron-thanh-xuan/ep04_1/seg00101	neutral
chay-tron-thanh-xuan/ep04_1/seg00103	anger
chay-tron-thanh-xuan/ep04_1/seg00139	anger
chay-tron-thanh-xuan/ep04_1/seg00105	disgust
chay-tron-thanh-xuan/ep04_1/seg00140	anger
chay-tron-thanh-xuan/ep04_1/seg00141	anger
chay-tron-thanh-xuan/ep04_1/seg00107	joy
chay-tron-thanh-xuan/ep04_1/seg00110	joy
chay-tron-thanh-xuan/ep04_1/seg00112	neutral
chay-tron-thanh-xuan/ep04_1/seg00113	neutral
chay-tron-thanh-xuan/ep04_1/seg00114	neutral
chay-tron-thanh-xuan/ep04_1/seg00116	neutral
chay-tron-thanh-xuan/ep04_1/seg00117	neutral
chay-tron-thanh-xuan/ep04_2/seg00000	anger
chay-tron-thanh-xuan/ep04_2/seg00001	anger
chay-tron-thanh-xuan/ep04_2/seg00002	fear_anxiety
chay-tron-thanh-xuan/ep04_2/seg00080	fear_anxiety
chay-tron-thanh-xuan/ep04_2/seg00081	neutral
chay-tron-thanh-xuan/ep04_2/seg00006	surprise
chay-tron-thanh-xuan/ep04_2/seg00007	joy
chay-tron-thanh-xuan/ep04_2/seg00008	joy
chay-tron-thanh-xuan/ep04_2/seg00010	neutral
chay-tron-thanh-xuan/ep04_2/seg00011	disgust
chay-tron-thanh-xuan/ep04_2/seg00082	disgust
chay-tron-thanh-xuan/ep04_2/seg00083	anger
chay-tron-thanh-xuan/ep04_2/seg00084	anger
chay-tron-thanh-xuan/ep04_2/seg00085	anger
chay-tron-thanh-xuan/ep04_2/seg00015	sadness
chay-tron-thanh-xuan/ep04_2/seg00016	anger
chay-tron-thanh-xuan/ep04_2/seg00086	neutral
chay-tron-thanh-xuan/ep04_2/seg00087	neutral
chay-tron-thanh-xuan/ep04_2/seg00018	joy
chay-tron-thanh-xuan/ep04_2/seg00088	fear_anxiety
chay-tron-thanh-xuan/ep04_2/seg00089	fear_anxiety
chay-tron-thanh-xuan/ep04_2/seg00090	anger
chay-tron-thanh-xuan/ep04_2/seg00091	fear_anxiety
chay-tron-thanh-xuan/ep04_2/seg00029	neutral
chay-tron-thanh-xuan/ep04_2/seg00030	neutral
chay-tron-thanh-xuan/ep04_2/seg00031	neutral
chay-tron-thanh-xuan/ep04_2/seg00032	fear_anxiety
chay-tron-thanh-xuan/ep04_2/seg00092	fear_anxiety
chay-tron-thanh-xuan/ep04_2/seg00093	anger
chay-tron-thanh-xuan/ep04_2/seg00094	fear_anxiety
chay-tron-thanh-xuan/ep04_2/seg00095	fear_anxiety
chay-tron-thanh-xuan/ep04_2/seg00038	fear_anxiety
chay-tron-thanh-xuan/ep04_2/seg00096	neutral
chay-tron-thanh-xuan/ep04_2/seg00040	neutral
chay-tron-thanh-xuan/ep04_2/seg00041	neutral
chay-tron-thanh-xuan/ep04_2/seg00097	neutral
chay-tron-thanh-xuan/ep04_2/seg00098	anger
chay-tron-thanh-xuan/ep04_2/seg00044	sadness
chay-tron-thanh-xuan/ep04_2/seg00046	sadness
chay-tron-thanh-xuan/ep04_2/seg00047	fear_anxiety
chay-tron-thanh-xuan/ep04_2/seg00048	sadness
chay-tron-thanh-xuan/ep04_2/seg00049	fear_anxiety
chay-tron-thanh-xuan/ep04_2/seg00050	fear_anxiety
chay-tron-thanh-xuan/ep04_2/seg00051	anger
chay-tron-thanh-xuan/ep04_2/seg00052	fear_anxiety
chay-tron-thanh-xuan/ep04_2/seg00053	neutral
chay-tron-thanh-xuan/ep04_2/seg00055	neutral
chay-tron-thanh-xuan/ep04_2/seg00056	anger
chay-tron-thanh-xuan/ep04_2/seg00057	disgust
chay-tron-thanh-xuan/ep04_2/seg00100	anger
chay-tron-thanh-xuan/ep04_2/seg00101	sadness
chay-tron-thanh-xuan/ep04_2/seg00102	sadness
chay-tron-thanh-xuan/ep04_2/seg00103	anger
chay-tron-thanh-xuan/ep04_2/seg00063	sadness
chay-tron-thanh-xuan/ep04_2/seg00064	anger
chay-tron-thanh-xuan/ep04_2/seg00104	fear_anxiety
chay-tron-thanh-xuan/ep04_2/seg00105	fear_anxiety
chay-tron-thanh-xuan/ep04_2/seg00106	anger
chay-tron-thanh-xuan/ep04_2/seg00066	anger
chay-tron-thanh-xuan/ep04_2/seg00107	disgust
chay-tron-thanh-xuan/ep04_2/seg00108	disgust
chay-tron-thanh-xuan/ep04_2/seg00109	anger
chay-tron-thanh-xuan/ep04_2/seg00110	neutral
chay-tron-thanh-xuan/ep04_2/seg00111	anger
chay-tron-thanh-xuan/ep04_2/seg00069	neutral
chay-tron-thanh-xuan/ep04_2/seg00074	neutral
chay-tron-thanh-xuan/ep04_2/seg00078	sadness
chay-tron-thanh-xuan/ep04_2/seg00112	neutral
chay-tron-thanh-xuan/ep05_1/seg00100	sadness
chay-tron-thanh-xuan/ep05_1/seg00002	neutral
chay-tron-thanh-xuan/ep05_1/seg00101	neutral
chay-tron-thanh-xuan/ep05_1/seg00009	sadness
chay-tron-thanh-xuan/ep05_1/seg00102	sadness
chay-tron-thanh-xuan/ep05_1/seg00103	sadness
chay-tron-thanh-xuan/ep05_1/seg00104	sadness
chay-tron-thanh-xuan/ep05_1/seg00011	neutral
chay-tron-thanh-xuan/ep05_1/seg00105	anger
chay-tron-thanh-xuan/ep05_1/seg00106	sadness
chay-tron-thanh-xuan/ep05_1/seg00013	anger
chay-tron-thanh-xuan/ep05_1/seg00015	fear_anxiety
chay-tron-thanh-xuan/ep05_1/seg00016	surprise
chay-tron-thanh-xuan/ep05_1/seg00018	anger
chay-tron-thanh-xuan/ep05_1/seg00020	anger
chay-tron-thanh-xuan/ep05_1/seg00021	neutral
chay-tron-thanh-xuan/ep05_1/seg00029	joy
chay-tron-thanh-xuan/ep05_1/seg00031	joy
chay-tron-thanh-xuan/ep05_1/seg00107	joy
chay-tron-thanh-xuan/ep05_1/seg00035	joy
chay-tron-thanh-xuan/ep05_1/seg00039	joy
chay-tron-thanh-xuan/ep05_1/seg00108	joy
chay-tron-thanh-xuan/ep05_1/seg00040	joy
chay-tron-thanh-xuan/ep05_1/seg00041	neutral
chay-tron-thanh-xuan/ep05_1/seg00109	joy
chay-tron-thanh-xuan/ep05_1/seg00110	neutral
chay-tron-thanh-xuan/ep05_1/seg00046	joy
chay-tron-thanh-xuan/ep05_1/seg00054	joy
chay-tron-thanh-xuan/ep05_1/seg00055	joy
chay-tron-thanh-xuan/ep05_1/seg00052	joy
chay-tron-thanh-xuan/ep05_1/seg00048	neutral
chay-tron-thanh-xuan/ep05_1/seg00049	joy
chay-tron-thanh-xuan/ep05_1/seg00111	neutral
chay-tron-thanh-xuan/ep05_1/seg00112	joy
chay-tron-thanh-xuan/ep05_1/seg00056	joy
chay-tron-thanh-xuan/ep05_1/seg00113	joy
chay-tron-thanh-xuan/ep05_1/seg00060	anger
chay-tron-thanh-xuan/ep05_1/seg00114	neutral
chay-tron-thanh-xuan/ep05_1/seg00064	neutral
chay-tron-thanh-xuan/ep05_1/seg00061	anger
chay-tron-thanh-xuan/ep05_1/seg00067	anger
chay-tron-thanh-xuan/ep05_1/seg00068	neutral
chay-tron-thanh-xuan/ep05_1/seg00115	joy
chay-tron-thanh-xuan/ep05_1/seg00116	fear_anxiety
chay-tron-thanh-xuan/ep05_1/seg00117	sadness
chay-tron-thanh-xuan/ep05_1/seg00083	anger
chay-tron-thanh-xuan/ep05_1/seg00118	disgust
chay-tron-thanh-xuan/ep05_1/seg00119	neutral
chay-tron-thanh-xuan/ep05_1/seg00120	neutral
chay-tron-thanh-xuan/ep05_1/seg00121	fear_anxiety
chay-tron-thanh-xuan/ep05_1/seg00090	sadness
chay-tron-thanh-xuan/ep05_1/seg00094	joy
chay-tron-thanh-xuan/ep05_1/seg00122	anger
chay-tron-thanh-xuan/ep05_1/seg00123	anger
chay-tron-thanh-xuan/ep05_1/seg00124	surprise
chay-tron-thanh-xuan/ep05_1/seg00125	sadness
chay-tron-thanh-xuan/ep05_1/seg00126	sadness
chay-tron-thanh-xuan/ep05_1/seg00095	joy
chay-tron-thanh-xuan/ep05_1/seg00127	neutral
chay-tron-thanh-xuan/ep05_2/seg00001	joy
chay-tron-thanh-xuan/ep05_2/seg00083	sadness
chay-tron-thanh-xuan/ep05_2/seg00003	neutral
chay-tron-thanh-xuan/ep05_2/seg00004	neutral
chay-tron-thanh-xuan/ep05_2/seg00005	neutral
chay-tron-thanh-xuan/ep05_2/seg00084	neutral
chay-tron-thanh-xuan/ep05_2/seg00085	sadness
chay-tron-thanh-xuan/ep05_2/seg00008	neutral
chay-tron-thanh-xuan/ep05_2/seg00009	sadness
chay-tron-thanh-xuan/ep05_2/seg00011	surprise
chay-tron-thanh-xuan/ep05_2/seg00088	sadness
chay-tron-thanh-xuan/ep05_2/seg00089	joy
chay-tron-thanh-xuan/ep05_2/seg00014	joy
chay-tron-thanh-xuan/ep05_2/seg00090	surprise
chay-tron-thanh-xuan/ep05_2/seg00091	sadness
chay-tron-thanh-xuan/ep05_2/seg00092	neutral
chay-tron-thanh-xuan/ep05_2/seg00017	joy
chay-tron-thanh-xuan/ep05_2/seg00094	neutral
chay-tron-thanh-xuan/ep05_2/seg00095	sadness
chay-tron-thanh-xuan/ep05_2/seg00096	sadness
chay-tron-thanh-xuan/ep05_2/seg00097	neutral
chay-tron-thanh-xuan/ep05_2/seg00099	anger
chay-tron-thanh-xuan/ep05_2/seg00025	joy
chay-tron-thanh-xuan/ep05_2/seg00028	anger
chay-tron-thanh-xuan/ep05_2/seg00029	anger
chay-tron-thanh-xuan/ep05_2/seg00100	anger
chay-tron-thanh-xuan/ep05_2/seg00101	disgust
chay-tron-thanh-xuan/ep05_2/seg00034	neutral
chay-tron-thanh-xuan/ep05_2/seg00038	disgust
chay-tron-thanh-xuan/ep05_2/seg00045	neutral
chay-tron-thanh-xuan/ep05_2/seg00102	anger
chay-tron-thanh-xuan/ep05_2/seg00103	neutral
chay-tron-thanh-xuan/ep05_2/seg00104	sadness
chay-tron-thanh-xuan/ep05_2/seg00105	disgust
chay-tron-thanh-xuan/ep05_2/seg00106	anger
chay-tron-thanh-xuan/ep05_2/seg00107	sadness
chay-tron-thanh-xuan/ep05_2/seg00108	anger
chay-tron-thanh-xuan/ep05_2/seg00109	disgust
chay-tron-thanh-xuan/ep05_2/seg00110	anger
chay-tron-thanh-xuan/ep05_2/seg00111	sadness
chay-tron-thanh-xuan/ep05_2/seg00112	sadness
chay-tron-thanh-xuan/ep05_2/seg00113	fear_anxiety
chay-tron-thanh-xuan/ep05_2/seg00114	disgust
chay-tron-thanh-xuan/ep05_2/seg00115	neutral
chay-tron-thanh-xuan/ep05_2/seg00116	disgust
chay-tron-thanh-xuan/ep05_2/seg00117	sadness
chay-tron-thanh-xuan/ep05_2/seg00118	sadness
chay-tron-thanh-xuan/ep05_2/seg00049	fear_anxiety
chay-tron-thanh-xuan/ep05_2/seg00050	sadness
chay-tron-thanh-xuan/ep05_2/seg00119	sadness
chay-tron-thanh-xuan/ep05_2/seg00120	sadness
chay-tron-thanh-xuan/ep05_2/seg00052	sadness
chay-tron-thanh-xuan/ep05_2/seg00055	sadness
chay-tron-thanh-xuan/ep05_2/seg00121	sadness
chay-tron-thanh-xuan/ep05_2/seg00059	joy
chay-tron-thanh-xuan/ep05_2/seg00060	neutral
chay-tron-thanh-xuan/ep05_2/seg00064	sadness
chay-tron-thanh-xuan/ep05_2/seg00067	surprise
chay-tron-thanh-xuan/ep05_2/seg00122	neutral
chay-tron-thanh-xuan/ep05_2/seg00123	neutral
chay-tron-thanh-xuan/ep05_2/seg00069	neutral
chay-tron-thanh-xuan/ep05_2/seg00124	surprise
chay-tron-thanh-xuan/ep05_2/seg00125	surprise
chay-tron-thanh-xuan/ep05_2/seg00126	fear_anxiety
chay-tron-thanh-xuan/ep05_2/seg00075	neutral
chay-tron-thanh-xuan/ep05_2/seg00076	joy
chay-tron-thanh-xuan/ep05_2/seg00077	joy
chay-tron-thanh-xuan/ep05_2/seg00078	neutral
chay-tron-thanh-xuan/ep05_2/seg00080	sadness
chay-tron-thanh-xuan/ep05_2/seg00127	fear_anxiety
chay-tron-thanh-xuan/ep06_1/seg00000	neutral
chay-tron-thanh-xuan/ep06_1/seg00115	surprise
chay-tron-thanh-xuan/ep06_1/seg00002	sadness
chay-tron-thanh-xuan/ep06_1/seg00116	sadness
chay-tron-thanh-xuan/ep06_1/seg00117	sadness
chay-tron-thanh-xuan/ep06_1/seg00004	neutral
chay-tron-thanh-xuan/ep06_1/seg00118	surprise
chay-tron-thanh-xuan/ep06_1/seg00119	surprise
chay-tron-thanh-xuan/ep06_1/seg00120	sadness
chay-tron-thanh-xuan/ep06_1/seg00005	neutral
chay-tron-thanh-xuan/ep06_1/seg00006	surprise
chay-tron-thanh-xuan/ep06_1/seg00007	neutral
chay-tron-thanh-xuan/ep06_1/seg00008	surprise
chay-tron-thanh-xuan/ep06_1/seg00121	disgust
chay-tron-thanh-xuan/ep06_1/seg00122	anger
chay-tron-thanh-xuan/ep06_1/seg00010	anger
chay-tron-thanh-xuan/ep06_1/seg00011	disgust
chay-tron-thanh-xuan/ep06_1/seg00123	neutral
chay-tron-thanh-xuan/ep06_1/seg00124	sadness
chay-tron-thanh-xuan/ep06_1/seg00015	neutral
chay-tron-thanh-xuan/ep06_1/seg00017	joy
chay-tron-thanh-xuan/ep06_1/seg00018	joy
chay-tron-thanh-xuan/ep06_1/seg00019	surprise
chay-tron-thanh-xuan/ep06_1/seg00021	joy
chay-tron-thanh-xuan/ep06_1/seg00025	disgust
chay-tron-thanh-xuan/ep06_1/seg00026	anger
chay-tron-thanh-xuan/ep06_1/seg00027	anger
chay-tron-thanh-xuan/ep06_1/seg00029	anger
chay-tron-thanh-xuan/ep06_1/seg00032	joy
chay-tron-thanh-xuan/ep06_1/seg00034	joy
chay-tron-thanh-xuan/ep06_1/seg00037	joy
chay-tron-thanh-xuan/ep06_1/seg00038	joy
chay-tron-thanh-xuan/ep06_1/seg00039	joy
chay-tron-thanh-xuan/ep06_1/seg00041	joy
chay-tron-thanh-xuan/ep06_1/seg00125	neutral
chay-tron-thanh-xuan/ep06_1/seg00057	neutral
chay-tron-thanh-xuan/ep06_1/seg00059	surprise
chay-tron-thanh-xuan/ep06_1/seg00126	sadness
chay-tron-thanh-xuan/ep06_1/seg00066	anger
chay-tron-thanh-xuan/ep06_1/seg00068	anger
chay-tron-thanh-xuan/ep06_1/seg00072	neutral
chay-tron-thanh-xuan/ep06_1/seg00127	neutral
chay-tron-thanh-xuan/ep06_1/seg00089	surprise
chay-tron-thanh-xuan/ep06_1/seg00090	neutral
chay-tron-thanh-xuan/ep06_1/seg00095	neutral
chay-tron-thanh-xuan/ep06_1/seg00098	anger
chay-tron-thanh-xuan/ep06_1/seg00128	joy
chay-tron-thanh-xuan/ep06_1/seg00105	fear_anxiety
chay-tron-thanh-xuan/ep06_1/seg00106	surprise
chay-tron-thanh-xuan/ep06_1/seg00107	fear_anxiety
chay-tron-thanh-xuan/ep06_1/seg00111	fear_anxiety
chay-tron-thanh-xuan/ep06_1/seg00114	fear_anxiety
chay-tron-thanh-xuan/ep06_2/seg00008	anger
chay-tron-thanh-xuan/ep06_2/seg00078	anger
chay-tron-thanh-xuan/ep06_2/seg00079	anger
chay-tron-thanh-xuan/ep06_2/seg00016	anger
chay-tron-thanh-xuan/ep06_2/seg00017	anger
chay-tron-thanh-xuan/ep06_2/seg00018	disgust
chay-tron-thanh-xuan/ep06_2/seg00019	anger
chay-tron-thanh-xuan/ep06_2/seg00021	anger
chay-tron-thanh-xuan/ep06_2/seg00022	anger
chay-tron-thanh-xuan/ep06_2/seg00023	disgust
chay-tron-thanh-xuan/ep06_2/seg00025	fear_anxiety
chay-tron-thanh-xuan/ep06_2/seg00026	fear_anxiety
chay-tron-thanh-xuan/ep06_2/seg00027	fear_anxiety
chay-tron-thanh-xuan/ep06_2/seg00080	neutral
chay-tron-thanh-xuan/ep06_2/seg00034	neutral
chay-tron-thanh-xuan/ep06_2/seg00081	neutral
chay-tron-thanh-xuan/ep06_2/seg00082	sadness
chay-tron-thanh-xuan/ep06_2/seg00039	joy
chay-tron-thanh-xuan/ep06_2/seg00040	joy
chay-tron-thanh-xuan/ep06_2/seg00043	joy
chay-tron-thanh-xuan/ep06_2/seg00044	neutral
chay-tron-thanh-xuan/ep06_2/seg00045	neutral
chay-tron-thanh-xuan/ep06_2/seg00047	neutral
chay-tron-thanh-xuan/ep06_2/seg00048	joy
chay-tron-thanh-xuan/ep06_2/seg00049	surprise
chay-tron-thanh-xuan/ep06_2/seg00051	joy
chay-tron-thanh-xuan/ep06_2/seg00053	joy
chay-tron-thanh-xuan/ep06_2/seg00058	fear_anxiety
chay-tron-thanh-xuan/ep06_2/seg00060	neutral
chay-tron-thanh-xuan/ep06_2/seg00061	neutral
chay-tron-thanh-xuan/ep06_2/seg00070	neutral
chay-tron-thanh-xuan/ep06_2/seg00071	sadness
chay-tron-thanh-xuan/ep07_1/seg00003	fear_anxiety
chay-tron-thanh-xuan/ep07_1/seg00064	sadness
chay-tron-thanh-xuan/ep07_1/seg00065	fear_anxiety
chay-tron-thanh-xuan/ep07_1/seg00007	anger
chay-tron-thanh-xuan/ep07_1/seg00066	surprise
chay-tron-thanh-xuan/ep07_1/seg00006	neutral
chay-tron-thanh-xuan/ep07_1/seg00009	neutral
chay-tron-thanh-xuan/ep07_1/seg00010	joy
chay-tron-thanh-xuan/ep07_1/seg00017	sadness
chay-tron-thanh-xuan/ep07_1/seg00018	sadness
chay-tron-thanh-xuan/ep07_1/seg00067	sadness
chay-tron-thanh-xuan/ep07_1/seg00068	neutral
chay-tron-thanh-xuan/ep07_1/seg00019	sadness
chay-tron-thanh-xuan/ep07_1/seg00020	fear_anxiety
chay-tron-thanh-xuan/ep07_1/seg00023	neutral
chay-tron-thanh-xuan/ep07_1/seg00069	neutral
chay-tron-thanh-xuan/ep07_1/seg00070	fear_anxiety
chay-tron-thanh-xuan/ep07_1/seg00071	sadness
chay-tron-thanh-xuan/ep07_1/seg00072	sadness
chay-tron-thanh-xuan/ep07_1/seg00073	neutral
chay-tron-thanh-xuan/ep07_1/seg00074	fear_anxiety
chay-tron-thanh-xuan/ep07_1/seg00030	joy
chay-tron-thanh-xuan/ep07_1/seg00031	joy
chay-tron-thanh-xuan/ep07_1/seg00032	joy
chay-tron-thanh-xuan/ep07_1/seg00033	joy
chay-tron-thanh-xuan/ep07_1/seg00034	surprise
chay-tron-thanh-xuan/ep07_1/seg00037	anger
chay-tron-thanh-xuan/ep07_1/seg00038	surprise
chay-tron-thanh-xuan/ep07_1/seg00075	anger
chay-tron-thanh-xuan/ep07_1/seg00076	sadness
chay-tron-thanh-xuan/ep07_1/seg00077	fear_anxiety
chay-tron-thanh-xuan/ep07_1/seg00047	fear_anxiety
chay-tron-thanh-xuan/ep07_1/seg00048	fear_anxiety
chay-tron-thanh-xuan/ep07_1/seg00057	anger
chay-tron-thanh-xuan/ep07_1/seg00078	anger
chay-tron-thanh-xuan/ep07_1/seg00058	anger
chay-tron-thanh-xuan/ep07_1/seg00079	anger
chay-tron-thanh-xuan/ep07_1/seg00060	anger
chay-tron-thanh-xuan/ep07_1/seg00061	fear_anxiety
chay-tron-thanh-xuan/ep07_1/seg00080	anger
chay-tron-thanh-xuan/ep07_1/seg00081	anger
chay-tron-thanh-xuan/ep07_2/seg00000	sadness
chay-tron-thanh-xuan/ep07_2/seg00102	fear_anxiety
chay-tron-thanh-xuan/ep07_2/seg00103	sadness
chay-tron-thanh-xuan/ep07_2/seg00104	sadness
chay-tron-thanh-xuan/ep07_2/seg00105	sadness
chay-tron-thanh-xuan/ep07_2/seg00004	joy
chay-tron-thanh-xuan/ep07_2/seg00106	sadness
chay-tron-thanh-xuan/ep07_2/seg00013	fear_anxiety
chay-tron-thanh-xuan/ep07_2/seg00107	anger
chay-tron-thanh-xuan/ep07_2/seg00108	anger
chay-tron-thanh-xuan/ep07_2/seg00109	anger
chay-tron-thanh-xuan/ep07_2/seg00019	joy
chay-tron-thanh-xuan/ep07_2/seg00020	surprise
chay-tron-thanh-xuan/ep07_2/seg00021	joy
chay-tron-thanh-xuan/ep07_2/seg00023	anger
chay-tron-thanh-xuan/ep07_2/seg00024	neutral
chay-tron-thanh-xuan/ep07_2/seg00110	neutral
chay-tron-thanh-xuan/ep07_2/seg00029	disgust
chay-tron-thanh-xuan/ep07_2/seg00030	disgust
chay-tron-thanh-xuan/ep07_2/seg00031	surprise
chay-tron-thanh-xuan/ep07_2/seg00033	joy
chay-tron-thanh-xuan/ep07_2/seg00111	surprise
chay-tron-thanh-xuan/ep07_2/seg00036	anger
chay-tron-thanh-xuan/ep07_2/seg00038	surprise
chay-tron-thanh-xuan/ep07_2/seg00040	neutral
chay-tron-thanh-xuan/ep07_2/seg00042	joy
chay-tron-thanh-xuan/ep07_2/seg00112	neutral
chay-tron-thanh-xuan/ep07_2/seg00051	neutral
chay-tron-thanh-xuan/ep07_2/seg00053	neutral
chay-tron-thanh-xuan/ep07_2/seg00054	joy
chay-tron-thanh-xuan/ep07_2/seg00113	joy
chay-tron-thanh-xuan/ep07_2/seg00064	joy
chay-tron-thanh-xuan/ep07_2/seg00065	joy
chay-tron-thanh-xuan/ep07_2/seg00114	joy
chay-tron-thanh-xuan/ep07_2/seg00115	surprise
chay-tron-thanh-xuan/ep07_2/seg00116	neutral
chay-tron-thanh-xuan/ep07_2/seg00117	neutral
chay-tron-thanh-xuan/ep07_2/seg00118	neutral
chay-tron-thanh-xuan/ep07_2/seg00073	surprise
chay-tron-thanh-xuan/ep07_2/seg00076	anger
chay-tron-thanh-xuan/ep07_2/seg00078	anger
chay-tron-thanh-xuan/ep07_2/seg00032	neutral
chay-tron-thanh-xuan/ep07_2/seg00079	anger
chay-tron-thanh-xuan/ep07_2/seg00080	neutral
chay-tron-thanh-xuan/ep07_2/seg00087	joy
chay-tron-thanh-xuan/ep07_2/seg00088	joy
chay-tron-thanh-xuan/ep07_2/seg00089	joy
chay-tron-thanh-xuan/ep07_2/seg00119	joy
chay-tron-thanh-xuan/ep07_2/seg00120	neutral
chay-tron-thanh-xuan/ep07_2/seg00092	sadness
chay-tron-thanh-xuan/ep08_1/seg00113	sadness
chay-tron-thanh-xuan/ep08_1/seg00114	neutral
chay-tron-thanh-xuan/ep08_1/seg00115	sadness
chay-tron-thanh-xuan/ep08_1/seg00116	sadness
chay-tron-thanh-xuan/ep08_1/seg00117	sadness
chay-tron-thanh-xuan/ep08_1/seg00118	sadness
chay-tron-thanh-xuan/ep08_1/seg00119	sadness
chay-tron-thanh-xuan/ep08_1/seg00120	sadness
chay-tron-thanh-xuan/ep08_1/seg00008	anger
